Term	Title	Instance	Annotation
 Gewicht 	Erfolgsgeschichte: Nataschas Weg von Low-Carb zu CrossFit und Body Positivity	"Um f�r ihre Hochzeit schlank und fit zu sein, beschlie�t Natascha mit Clean-Eating und Laufen zu beginnen. Der k�rperliche Erfolg kommt schnell, doch das mentale Gl�ck bleibt aus. Sie erz�hlt uns ihren Weg, zu einem neuen Sport und K�rper � und vor allem zu einer neuen Sicht auf sich selbst. Jeder dachte: Das ist es. Sie hat ihr Ziel erreicht. Wie toll! Doch tats�chlich war es gar nicht so toll, in diesem neuen K�rper zu wohnen, wie es nach au�en wirkte. Denn eine ""perfekte"" Figur macht nicht automatisch gl�cklich. Natascha Geercke erz�hlt uns ihre Geschichte von falschen Sch�nheitsidealen, tr�gerischem Erfolg und der Wichtigkeit eines gesunden Verh�ltnisses von K�rper und Geist. Meine Abnehmreise begann bei knapp 90 Kilo und Kleidergr��e 44. Durch Clean-Eating und Laufen wollte ich f�r meine Hochzeit schlank und fit werden. Low-Carb hat mir dann geholfen, 15 Kilo abzunehmen. Durch die Umstellung auf eine vegane Ern�hrung konnte ich mein neues Gewicht auch halten. Gleichzeitig habe ich mit Fitness angefangen und hatte ein festes Ziel vor Augen: meinen ersten Halbmarathon. Doch dann nahm der Erfolg eine negative Wendung: Es begann privat und beruflich eine stressige Zeit und ich verlor unbewusst weiter an Gewicht. W�hrend ich st�ndig Komplimente f�r mein �u�eres bekam, konnte niemand sehen, wie es mir wirklich ging: Ich stand kurz vor dem Burn-Out, meine Ehe fast am Ende und der Stress wirkte sich negativ auf meine Gesundheit aus. Ugly face contest am Mittwoch. #powerclean #powercleans #clean #crossfit #crossfitgermany #crossfitdeutschland #crossfitgirls #outdoorworkout #lastdaysofsummer #builtbycrossfithammerbrook #crossfithammerbrook #hwpo #crossfitlife #loveit Ein Beitrag geteilt von Natascha Geercke (@einviertelliebe) am Sep 23, 2020 um 9:30 PDT Dann hatte ich einen Weckruf: Die ersten Worte einer Kollegin, die ich lange nicht gesehen hatte, waren: ""Du siehst ungl�cklich aus."" Ich krempelte mein privates Leben um und suchte mir einen neuen Job. Dabei half mir der regelm��ige Sport: Sich ein Ziel zu setzen, in einzelnen Etappen darauf hinzuarbeiten und nicht aufzugeben, das tat so gut. Inmitten der Corona-Pandemie kam dann im M�rz der Lockdown und ich wollte beweisen: Ich kann trotzdem weiter Sport treiben und lasse mich davon nicht aufhalten. Also begann ich mit Instagram-Challenges, ging weiter laufen und legte mir Equipment f�r mein Krafttraining daheim zu. Low Carb schmeckte mir letztendlich nicht mehr und war f�r mich auf Dauer auch nicht gesund. Auch wenn es ein langer Weg zu meiner jetzigen Ern�hrung war, habe ich herausgefunden, wie es f�r mich am besten klappt. Ich tracke alles, was ich esse, und behalte somit meine N�hrstoffe im Auge, aber gleichzeitig verbiete ich mir nichts. Essen muss in den Alltag integrierbar sein, satt machen und vor allem schmecken! Jetzt wiege ich deutlich mehr. Fr�her h�tte mir diese Zahl Angst eingejagt. Aber jetzt bin ich stolz darauf: 80,5 Kilo, davon viel Muskelmasse, ein v�llig anderer K�rper und vor allem ein neuer Geist � beziehungsweise Blick auf mich selbst! Ich habe dieses Jahr mit CrossFit angefangen und es ist eine gro�e Liebe entfacht. Der Sport macht einen nicht nur k�rperlich fit, sondern mental stark und die Community ist unvergleichlich! Man gibt sich gegenseitig Tipps, hilft und motiviert sich � und bei�t sich zusammen durch die heftigsten Workouts. Mein gro�es Learning: Man kann alles schaffen, wenn man sich gut f�hlt. Ich renne keinem Bild in meinem Kopf mehr hinterher, wie ich auszusehen habe. Das �u�ere ist f�r mich komplett aus meinem Fokus verschwunden. Wenn es einem innerlich gut geht, strahlt man das auch nach au�en aus! Du hast auch etwas geschafft, wovon du unserer Community berichten willst? Dann schick deine pers�nliche Geschichte mit dem Betreff ""Erfolgsstory"" an info@fitforfun.de � und vielleicht geh�rst du auch schon bald zu unseren FIT FOR FUN-Helden des Alltags!"	FAC
 Gewicht 	Warum die Body-Positivity-Bewegung noch einen langen Weg vor sich hat	Runde B�uche, dicke Oberschenkel, f�llige Dekollet�s: Hunderte Menschen zeigen gerade unter #PummelgegenHass selbstbestimmt ihre K�rper, die sonst st�ndig von Anderen bewertet, kommentiert und beleidigt werden. Der Hashtagtrend hat einen ernsten Hint	RAT
 Gewicht 	Body Positivity: Warum ein Sommer-Body totaler Schwachsinn ist | Barbara.de	" Die unentspannteste Phase des Jahres hat begonnen. Weihnachtsstress ist dagegen Wellnessurlaub. Wir reden vom Sommer-Saison-Stress. Dem Zeitpunkt, an dem es nur noch das zu lesen gibt: ""Last Minute Bikini Figur in nur zwei Wochen"" oder ""7 Tipps f�r den perfekten Sommerbody"". Grrr! Auf die Pl�tze, fertig, los! Detox-Tee kaufen, Fitnessstudiovertrag raus kramen (bin ich �berhaupt noch Mitglied?) und den Schoko-Vorrat schmerzlich den netten Nachbarkids vermachen. Alles nur, um kurz vorm Sommerurlaub zu merken, doch nicht wie Heidi Klum auszusehen. Surprise! Ist das Konzept der Bikini-Figur nicht schon l�ngst �berholt? Es scheint so. Denn Bodypositivity, Selbstliebe und Body-Diversity sind f�r uns l�ngst keine Fremdw�rter mehr, sondern Trend-Begriffe, die den Ausdr�cken ""Sommer-Body"" und ""Strandfigur"" Konkurrenz machen. Doch der Prozess ist langsam, Umdenken braucht seine Zeit und auch, wenn der Gedanke von Selbstliebe ganz sch�n ist, sch�men wir uns dennoch f�r das Speckr�llchen, das �ber den Bikinibund ragt und die Dellen am Oberschenkel. Der ganze K�rper- und Sch�nheitswahn ist ein gesellschaftliches Konzept. Und durch dieses Konzept flie�en jedes Jahr Millionen in die Kassen der Sch�nheits- und Di�t-Branche, die mit Produkten werben, die ""jetzt aber wirklich"" die Kilos purzeln lassen. Doch eine Bikinifigur sollte nicht an einer bestimmten Gr��e oder einem bestimmten Gewicht fest gemacht werden. Man sollte sich wieder klar machen, dass ein Bikinik�rper, tja, einfach ein K�per in einem Bikini ist � und in dem kann man sich ruhig wohlf�hlen. #Bodypositivity Aber noch eins zum Thema Selbstliebe: Klar gibt es oft Tage, an denen wir uns nicht wundersch�n finden. Man kann sich nicht jeden Tag aufs Neue in sein Spiegelbild verknallen. Zwar sind Selbstliebe und Bodypositivity enorm wichtig � doch sich t�glich in seiner Haut wohlf�hlen zu m�ssen, ist auch utopisch und macht Druck. Fakt ist: Den Druck rauszunehmen, hilft ganz sch�n. Einfach mal die Luft rauslassen (und den Bauch entspannen, statt st�ndig einzuziehen). Nehmt das ganze K�rpergetue mit mehr Humor und Gelassenheit. Denn lasst euch eins sagen, Frauen in Gr��e 34 sind auch nicht viel gl�cklicher im Bikini. Traurig aber wahr. Und in ""2 Wochen zur gr��ten Faulenzerin am Beckenrand"" ist doch die viel sch�nere Challenge. "	EMO
 Gewicht 	Body Positivity: Was sich seit den Nullerjahren getan hat	Vor ein paar Wochen besuchte ich einen Outlet Store in Z�rich-Wollishofen. Nach wenigen Minuten im Shop kam eine Verk�uferin auf mich zu und nachdem sie mich ausgiebig gemustert hatte, bot sie mir ihre Hilfe an. Ich lehnte h�flich ab, aber die Dame liess sich nicht abwimmeln. Schon nach kurzer Zeit stand sie mit einem riesigen Sweatshirt vor mir, dicker Stoff, weiss, ein regelrechtes Zelt von einem Pulli. Darauf abgebildet waren in Glitzer-Pailletten die Innereien eines Menschen. Ich hatte viele Fragen. �Da passiert mir ein bisschen zu viel�, sagte ich h�flich. Sie meinte: �Wichtig ist doch einfach, dass es alles sch�n kaschiert.� Sie machte eine ausladende Bewegung entlang ihres K�rpers und schaute mich durchdringend an. Ich wusste sofort, worauf sie hinauswollte. Es folgten noch mehr ungefragte Modetipps � �ich h�tte noch eine Bluse hinten, aber die wird Ihnen zu eng sein� �, also t�uschte ich einen Anruf vor � mein Notfallplan in allen unangenehmen Situationen � und verliess das Gesch�ft. Ich war verletzt und genervt und fragte mich pl�tzlich doch, ob ich nicht ein paar Kilo abspecken sollte. Ich war nie spindeld�rr. Ich hatte meine d�nneren und weniger d�nnen Phasen, aber selbst in meinen schlankesten Zeiten waren da noch Br�ste und eine H�fte, die sich deutlich unter dem Sommerkleid abzeichneten. Das ist okay. Ich werde nie der zierliche oder androgyne Typ sein � c�est la vie �, auch wenn ich mir das ab und zu w�nschen w�rde, zum Beispiel beim Jeanskauf. Aber eigentlich mag ich meine Kurven. Es gab Zeiten, in denen mein Verh�ltnis zu meiner Ern�hrung gesund war � so wie aktuell gerade �, und solche, in denen es weniger ausgeglichen war. Zeiten, in denen ich nur noch Beutelsuppen schl�rfte oder fanatisch jeden Tag eine Stunde Pilates absolvierte. Es war nie akut � so wie bei anderen Freundinnen. Denn das war leider eine Tatsache in meiner Jugend: ich hatte in jeder meiner Schulstufen mindestens ein M�dchen in der Klasse, das mit Magersucht k�mpfte. Stylistin Rachel Zoe und Schauspielerin Nicole Richie: Blond, schlank und weiss � das Sch�nheitsideal der Nullerjahre. Wenn ich zur�ckdenke an die Frauen, die mein popkulturelles Bild in meinen Teenagerjahren pr�gten, wundert mich das nicht. Ich denke an die Stylistin Rachel Zoe und ihre Size-Zero-Predigten, an die Garde von wundersch�nen, aber abgemagerten Frauen wie Mischa Barton oder Nicole Richie, die von Zoe eingekleidet wurden und sie umschw�rmten. Barton hat erst vor Kurzem in einem Interview mit dem �Paper Magazine� �ber ihr Gewicht und den enormen Druck, den sie damit versp�rte, gesprochen. �Heute haben wir eine viel verst�ndnisvollere und body-positivere Welt als noch in den fr�hen 2000ern�, sagte Barton. �Die Zeit damals war brutal, wenn es um das Aussehen ging. Man musste spindeld�rr sein wie Sarah Jessica Parker oder wie ich in �The OC�. Man musste perfekt sein und auch das war nie gut genug, denn dann war man wieder zu d�nn.� Honored to have shared my story with the dream team at Paper magazine. Link in bio @papermagazine Photographer @oscarouk Stylist @hellotoshiko Makeup @lilly_keys Hair @samiknighthair Studio @forgela Ein Beitrag geteilt von Mischa Barton (@mischabarton) am Apr 17, 2020 um 2:35 PDT Heidi und Co. Ich kann mich tats�chlich nur an d�nne Vorbilder erinnern: von der fiktiven Marissa Cooper in �The OC� �ber Lindsay Lohan bis hin zu Britney Spears. Mit zw�lf Jahren wunderte ich mich, warum bei meiner Low-Cut-Jeans die H�ftknochen nicht so herausragten wie bei Britney in �Crossroads�. Mit 13 bewunderte ich in �Fluch der Karibik� das �ppige und doch so zierliche Dekollet� von Keira Knightley � w�hrend bei mir irgendwie alles immer �ppig aussah (dass dieser Ausschnitt ein Kunstwerk einer Make-up-Artistin war, erfuhr ich erst einige Jahre sp�ter). Meine Teenagerzeit war gepr�gt von Heidi Klum und ihren �Meeeeeeeedcheeeen�, die erste Staffel GNTM flimmerte 2006 �ber die Bildschirme, da war ich gerade mal 16 Jahre alt. Meine Mutter akzeptierte nur z�hneknirschend, dass ich die Reality-Show anschaute. Dass sie das Konzept ablehnt, liess sie mich jeden Donnerstag um Punkt 20 Uhr � also 15 Minuten vor Showbeginn � wissen. Es vergingen viele Jahre, bis ich ihre Sicht der Dinge verstand. Body Positivity existierte damals schlicht und einfach nicht. Kate Moss sagte Anfang der Nullerjahre in einem Interview �Nothing tastes as good as skinny feels� und alle nickten. Es war weder die Zeit der Kardashian-Hintern (denn Paris Hilton war der Star, nicht ihre Assistentin Kim � duh!) noch von Ashley Graham oder Jameela Jamil. Letztere entzaubert seit Jahren die vermeintliche Perfektion von Hollywood-Sch�nheit regelm�ssig auf ihren Social-Media-Kan�len. Ein Beitrag geteilt von Jameela Jamil (@jameelajamilofficial) am M�r 3, 2020 um 7:29 PST Eine S�ngerin wie Adele, die 2008 mit ihrem Album �19� ihren Durchbruch feierte, war also tats�chlich eine erfrischende Ausnahme � so rein optisch. Sie war nicht das, was man sonst so aus der Popkultur kannte. Vielleicht kann ich deshalb � aus dem Blickwinkel der Vorbildfunktion � sogar verstehen, dass es Menschen gibt, die bedauern, dass Adele nun einige Kilo verloren hat und deutlich d�nner aussieht. Und dennoch: Wie verkehrt unser Bild von K�rper und vermeintlich k�rperlicher Perfektion noch immer ist, l�sst sich eben an diesem Adele-Beispiel erkennen. Wenn die dicke Adele auf der B�hne stand, musste man sich nur so semi-eingesch�chtert f�hlen, immerhin war sie nicht auch noch super schlank. Thank you for the birthday love. I hope you�re all staying safe and sane during this crazy time. I�d like to thank all of our first responders and essential workers who are keeping us safe while risking their lives! You are truly our angels 2020 okay bye thanks x Ein Beitrag geteilt von Adele (@adele) am Mai 5, 2020 um 9:38 PDT Jetzt aber ist sie d�nn und blond und gut gebr�unt und sie lebt in L.A. Verrat!, rufen einige ihrer Fans, w�hrend Klatschbl�tter �ber Kilos diskutieren und ihre vermeintlichen Di�t-Pl�ne enth�llen � damit m�glichst viele Frauen nun glauben, dass sie mit Protein-Shakes und viel Yoga im Nu abnehmen werden. Dass hinter den purzelnden Kilos von Adele wahrscheinlich ein pers�nlicher K�chenchef und ein personalisierter, knallharter Trainingsplan stecken, wird verschwiegen. Stattdessen wird Adele entweder so dargestellt, als h�tte sie nun endlich ihre Perfektion erreicht, was komplett bizarr ist, denn die 32-J�hrige war nat�rlich nie unperfekt, sie war schon immer eine talentierte, bildsch�ne, charismatische Frau � egal, wie viel sie wog. Oder aber ihr wird missg�nnt, dass sie toll aussieht � wahrscheinlich toller als ganz fr�her. Das h�ren Vertreterinnen der Body-Positivity-Bewegung nicht gern. Dass eine �bergewichtige Frau abnehmen will � was ihr gutes Recht ist und wahrscheinlich auch ihrer Gesundheit guttut �, wird ungern anerkannt. Jedes Gramm gilt es zu lieben. Ich kann mit dieser Einstellung nicht viel anfangen, nicht zuletzt als Feministin bin ich der �berzeugung, dass jede Frau selbst �ber ihren K�rper entscheiden sollte. Was die Vielfalt von Sch�nheit angeht, hat sich seit dem Anfang der Nullerjahre viel getan � heute gilt die ultraschlanke Frau nicht mehr als einziges Sch�nheitsideal. In der Popkultur setzen sich von Lizzo �ber Demi Lovato bis hin zu Rihanna gleich mehrere K�nstlerinnen aktiv f�r einen positiven Umgang mit dem weiblichen K�rper in all seinen wunderbaren Facetten und Formen ein. Das ist wichtig, denn diese Frauen sind Vorbilder. Sie k�nnen daf�r sorgen, dass die Teenager von heute sich nicht nur mit ultraschlanken, weissen Frauen identifizieren k�nnen. Und vielleicht hilft das jungen M�dchen, nicht nur mit sich selber, sondern auch gegen�ber anderen Frauen netter zu sein, weniger zu urteilen, weniger zu l�stern. Ich pers�nlich musste lang solche Vorbilder suchen. Und noch heute erwische ich mich nach Momenten wie in diesem Outlet dabei, dass ich mich an Marissa Cooper aus �The OC� spiegle (auch wenn ich eigentlich eher eine Summer Roberts war). Was mir in solchen Momenten hilft? Freundinnen, die unterschiedliche K�rper haben und offen �ber ihre liebsten Kurven und gr�ssten Komplexe sprechen. Und Beyonc�, immer und immer wieder.	EMO
 Gewicht 	Kurven machen happy, schlank ist krank: Adele und das neue Sch�nheitsideal	"Die britische S�ngerin Adele (""Someone like you�) galt als Vorbild vieler kurviger Frauen, wurde als Ikone der Body-Positivity-Bewegung gefeiert. Bis sie sich entschied, abzuspecken. Die aktuellen Kritiken an ihrer Figur offenbaren jedoch so manchen Makel. Anl�sslich ihres 32.Geburtstages postete Adele Adkins ein Foto auf Instagram. Darauf strahlt sie in einem kurzen, schwarzen Kleid � und ist kaum wiederzuerkennen. Die S�ngerin hat etliche Kilos abgenommen und l�st damit eine hitzige Debatte aus. W�hrend die einen den Weltstar zu seinem neuen schlanken Look begl�ckw�nschen, (""F�r immer sch�n mit jeder Figur und in jeder Gr��e�), kommentieren andere entt�uscht: ""Es ist traurig... Sorry...�, ""Du hast meinen Respekt verloren!� oder ""Du bist nicht die Adele, die wir kannten, du siehst ihr noch nicht einmal mehr �hnlich!� Seit der Ver�ffentlichung ihres Deb�talbums im Jahr 2008 waren Adeles K�rperma�e immer wieder �ffentliches Thema. Sogenannte Fat Shamer trollten und beleidigten sie wegen ihrer f�lligen Figur. Die Body-Positivity-Bewegung (K�rperakzeptanz-Bewegung) feierten die Britin, weil sie keinem unrealistischen Sch�nheitsideal entsprach. Adele galt als Inspiration und Vorbild f�r kurvige Frauen auf der ganzen Welt. Sie war eine von ihnen. Und schaffte es dennoch auf Titelseiten von Magazinen, die oft nur d�nnen Stars und Models vorbehalten sind: VOGUE, Glamour, ELLE, Grazia, Cosmopolitan... Sie selbst wehrte sich in Interviews immer wieder dagegen, auf ihre K�rperma�e reduziert zu werden. ""Mein Gewicht hat nichts mit meiner Karriere zu tun�, sagte sie 2012 in People. Nun wenden sich einige Anh�nger der K�rperakzeptanz -Bewegung von ihr ab � und das offenbart einen h�sslichen Makel. Es sei schon komisch, so bemerkte ein scharfsinniger Fan der S�ngerin, dass die lautesten Beschimpfungen ausgerechnet von denjenigen kommen, die sich eigentlich gegen Diskriminierung aufgrund des Aussehens und f�r Solidarit�t unter Frauen aussprechen. Sie h�tten einen m�nnlichen Star wohl kaum wegen so etwas kritisiert. Body Positivity bedeutet: Sich in seinem K�rper wohlf�hlen und seine k�rperlichen Eigenheiten akzeptieren. Ziele der Bewegung sind die St�rkung des Selbstwertgef�hls des Einzelnen (""Liebe dich selbst!�) sowie das Bek�mpfen von Gesellschaft, Mode und Medien diktierter K�rperbilder und unrealistischer Sch�nheitsideale. Dabei wird ein jedoch neues Ideal erschaffen. Eines, das von f�lligen Frauen erwartet, gl�cklich und zufrieden mit ihrem K�rper zu sein. Eines, das Di�ten verteufelt und den Wunsch, schlanker und fitter sein zu wollen als gesellschaftliches Diktat interpretiert. Dabei sieht die Realit�t manchmal ganz anders aus. Denn nat�rlich gibt es Menschen, die sich mit ihrem �bergewicht unwohl f�hlen. Sei es nun aus gesundheitlichen Gr�nden � oder weil sie sich selbst so nicht gefallen. In jedem Fall gilt: Es geht niemanden etwas an. Viele Follower der S�ngerin spekulieren dennoch �ber die Gr�nde ihres Gewichtsverlustes: Vor gut einem Jahr wurde die Scheidung von ihrem Mann Simon Konecki bekannt. Einige sehen deshalb Trennungsschmerz als Ursache und w�nschen ihr, sie m�ge doch bald wieder ganz die Alte sein und ihr Gl�ck wiederfinden. Das ist herabsetzend, denn es setzt die Annahme voraus, Adele sei aktuell ungl�cklich � und allein deshalb schlank. F�r die meisten liegt jedoch auf der Hand: Die Musikindustrie ist Schuld und hat sie zum Abnehmen gezwungen. Da muss man schon kurz innehalten und feststellen: Die ""runde� Adele verkaufte wahnwitzige 120 Millionen Platten, gewann einen Golden Globe, einen Oscar, 15 Grammys, 18 Billboard Awards � und geh�rt damit zu den erfolgreichsten S�ngerinnen des 21.Jahrhunderts. Zuletzt meldete sich ihr ehemaliger Personal Trainer zu Wort. Adele habe bereits 2015 mit dem Training und der Ern�hrungsumstellung begonnen � um ges�nder zu werden, sich selbst und dem heute siebenj�hrigen Sohn zuliebe. Tats�chlich kursierten in den vergangenen Jahren immer mal wieder Fotos der Musikerin, auf denen zu erkennen war, dass sie an Gewicht verloren hatte. Darunter auch Schnappsch�sse des Stars� auf dem Weg ins Fitness-Studio. Dennoch unterstellen ihr viele eingebildete Ern�hrungs-, Fitness- oder Gesundheits-Experten eine ungesunde Crash-Di�t, kritisieren, sie habe ""in viel zu kurzer Zeit viel zu viel abgenommen.� Manche gehen sogar soweit und unterstellen ihr, dass sie an einer Essst�rung leidet. Kurven machen happy, schlank ist in jedem Fall krank. Ein solches K�rperbild offenbart die Doppel-Moral einiger vermeintlicher Body-Positivity -Advokaten. Die machen n�mlich genau das, wogegen sie angeblich k�mpfen: ihr eigenes Selbstwertgef�hl st�rken, indem sie andere Menschen f�r ihre Figur kritisieren."	FAC
 Gewicht 	Body Positivity: Wie positiv darf �bergewicht sein?	"Ist Body Positivity die L�sung des Sch�nheitswahn(sinn)s? Dickere und fettleibige K�rper sollen genauso akzeptiert werden wie ranke und schlanke, sagt dieses Konzept. Doch das neue Ideal von �Alle K�rper sind sch�n� erntet auch Kritik. Experten warnen davor, die gesundheitlichen Risiken von �bergewicht zu verschleiern. Wie positiv darf �bergewicht sein? Body Positivity ist eine soziale Bewegung, die ihren Ursprung in den 1960ern in den USA hat. Zu Beginn ging es dabei darum, alle K�rper zu akzeptieren und gesellschaftliche Strukturen zu hinterfragen, die gewisse Personen deshalb (unbewusst) benachteiligten. Egal ob �bergewichtig, im Rollstuhl, androgyn, dunkelh�utig oder mit Sommersprossen �bers�ht � niemand sollte wegen seines Aussehens diskriminiert werden. Heute wird Body Positivity vor allem damit in Verbindung gebracht, dass man nicht Size Zero haben muss, um sch�n zu sein. Immer mehr Modelagenturen nehmen kurvige Models unter Vertrag, das Kleidungsangebot f�r gr��ere Gr��en steigt und auch in der Werbung und in sozialen Medien sind �bergewichtige Personen immer besser repr�sentiert. Doch Experten stehen dem Trend auch kritisch gegen�ber. Denn nicht alle k�rperlichen �Makel� sollten unreflektiert gefeiert werden; manche k�nnen auch die Gesundheit gef�hrden. �bergewicht und Adipositas (Fettleibigkeit) in der Bev�lkerung nehmen von Jahr zu Jahr zu. Sollten gegenw�rtige Trends anhalten, dann wird 2025 weltweit jeder f�nfte Erwachsene �bergewichtig sein. Die Gr�nde daf�r liegen in falscher Ern�hrung, Bewegungsmangel, aber auch Vererbung und dem Einfluss von Familie und sozialem Umfeld. Eine britische Studie analysierte die Eigenwahrnehmung von �bergewichtigen Personen (BMI ? 25) bez�glich ihres K�rpergewichts. Dabei zeigte sich, dass 2015 vergleichsweise mehr Menschen ihr Gewicht falsch einsch�tzten als noch 1997. Vor allem Personen mit niedrigem sozio-�konomischen Status untersch�tzten ihr K�rpergewicht. 85 Prozent davon gaben au�erdem an, nicht vorzuhaben, abzunehmen. Eine m�gliche Ursache f�r das offenbar fehlende Bewusstsein des eigenen �bergewichts sahen die Forschenden in der Normalisierung von gro�en K�rpern � genau das, was die Bewegung der Body Positivity eben promoviert. Tats�chlich muss das K�rpergewicht aber differenzierter betrachtet werden. Ein paar Kilo mehr bedeuten nicht gleich, dass die Person auch eine schlechtere Gesundheit hat. Denn der Body-Masss-Index (BMI) ber�cksichtigt nicht die individuelle Zusammensetzung der K�rpermasse aus Fett- und Muskelgewebe. Jemand, der viel Sport macht, k�nnte also laut BMI �bergewichtig sein � was aber keineswegs hei�t, dass damit ein Gesundheitsrisiko einhergeht. Eine schlanke Person mit Normalgewicht, die wenig Sport macht und sich einseitig ern�hrt, ist mitunter anf�lliger f�r gesundheitliche Probleme. Der BMI als Indikator f�r gesundheitliche Risiken gibt also Orientierung, sollte aber nicht als einziger Faktor herangezogen werden. Starkes �bergewicht, also Fettleibigkeit, hat nat�rlich schwerwiegende gesundheitliche Folgen. So etwa ein erh�htes Risiko f�r Herz-Krankheiten, Schlaganf�lle, Bluthochdruck, Typ-2-Diabetes und sogar f�r manche Krebsarten. Und hier kann Body Positivity, also die Akzeptanz von gro�en K�rpern als �gut, so wie sie sind�, tats�chlich zum Problem werden. F�r viele Frauen (denn es sind besonders Frauen, die unter dem schlanken Ideal leiden) hat die Bewegung zu einem besseren Selbstwertgef�hl gef�hrt. Sie hat ihnen gezeigt, dass ihr K�rper in Ordnung ist und akzeptiert wird, auch ohne 90-60-90-Ma�e. Das ist ein sehr wichtiger Schritt und hat f�r die Psyche gro�e Bedeutung. �Alle K�rper sind sch�n� muss man jedoch genauso reflektiert betrachten wie jedes andere Sch�nheitsideal. Wichtig ist ein Bewusstsein daf�r, was dem K�rper guttut und ob er gesund ist, so, wie er ist. Bei der Gesundheit sowie Sch�nheit sollte es weniger darum gehen, sich zu fragen �Wie sehe ich aus?�, sondern vielmehr �Wie f�hle ich mich?�. Denn �bergewicht ist nicht immer gut. Genauso wie Schlankheit nicht immer gut ist. Dies gilt auch f�r die mentale Gesundheit, meinen Experten. Schlie�lich sollten sich sowohl Frauen als auch M�nner nicht ausschlie�lich �ber ihr �u�eres definieren, sondern das Selbstwertgef�hl auch aus anderen Quellen beziehen: ihren F�higkeiten, Werten oder erreichten Zielen. Dieses neue Konzept der �Body Neutrality� kann helfen, �ngste und Unsicherheiten bez�glich des Aussehens zu �berwinden und mentalen Stress zu reduzieren. Denn Sch�nheit sollte letztendlich nicht im Auge, sondern im Gef�hl des Betrachters und der Betrachterin liegen."	EMO
 Gewicht 	Body-Positivity: Ein Blick auf die Kunst statt auf die Waage	Gro�e und kleine Stars h�ngen der Bewegung an. Doch warum sollte sich das Publikum f�r den Umgang mit ihrem Gewicht interessieren? Popmusik gilt als Zerstreuungskunst, als leichte Kost und hedonistische �bung eines unbeschwerten Lebens. Ihrem Wesen nach ist sie gefalls�chtig, will von vielen geh�rt werden, popul�r sein. Das gilt vornehmlich f�r die Chartsmusik als Versorger der Masse, f�r die Musik ein Alltagsaccessoire ist. Zur Oberfl�chlichkeit geh�rt die Imagepflege der Darsteller. Die trainierten Bauchmuskeln der Boygroups, die harten Trizeps der toughen Frauen. Wenn jemand auftaucht, der oder die diese Schablonen sprengt, und das passiert immer wieder, wird das erstaunt thematisiert. So als w�re ein Alien in der Hitparade gelandet. Aktuell ist Alma so ein Alien.	OFF
 Gewicht 	Body-Positivity-Bewegung: Adele ist d�nn & gl�cklich � NEWS.AT	"Die Gewichtsabnahme der S�ngerin Adele ist nicht zu �bersehen. Zu ihrem 32. Geburtstag schenkt der Popstar Adele ihren Fans ein neues Foto. Das sorgt f�r Gespr�chsstoff. Adele ist einer der wenigen Popstars, die sich dem g�ngigen Sch�nheitsbild nicht anpassten. Sie �berzeugte schon zu beginn ihrer Karriere mit ihrer gewaltigen Stimme. Selbstbewusst zeigte sie ihre Kurven. Adele wurde f�r ihren Mut von der Presse gelobt. Sie vermittelte den Menschen auf der ganzen Welt das Gef�hl, dass sich im K�rper wohlf�hlen nichts mit dem Gewicht zu tun hat. Ihre Fans liebten Sie daf�r. War sie doch Sinnbild der Body-Positivity-Bewegung. Und jetzt? Durch eine Ern�hrungsumstellung (Sirtfood-Di�t), regelm��igem Training und eisernem Willen hat die britische S�ngerin mehr als 30 Kilo verloren. Zu ihrem 32. Geburtstag ver�ffentlichte sie nach mehreren Monaten ein neues Foto. Das neue Erscheinungsbild sorgt f�r Diskussionen. W�hrend die einen sie f�r ihre Abnehmleistung loben, verstehen die anderen die Welt nicht mehr. Sogar negative Kommentare h�ufen sich. Der Grund liegt an dem Unverst�ndnis: Warum nahm diese Frau so radikal ab? Wir fanden sie doch auch mit ein paar mehr Pfunden wundersch�n. Ist sie ungl�cklich? So der Tenor auf den Social-Media-Plattformen. Manchmal geht es beim Abnehmen um gesundheitliche Vorteile, Selbstvertrauen, Erkrankungen oder alle drei Komponenten. Manchmal ist es nicht einmal eine Entscheidung. Was konkret bei Adele dahintersteckt, hat sie nicht verraten. Vergessen wird bei der ganzen Diskussion, dass Adele sich in ihrem K�rper wohlf�hlen muss. Wahres Body Positivity sollte es nicht zum Thema machen, ob eine Person zu- oder abnimmt. Ob jemand dick oder d�nn ist. Adele kann auch als schlanke Frau ein Vorbild in dieser Bewegung sein - die Selbstliebe und Toleranz feiert. Sie war die erste Frau in �sterreich, die das Wetter pr�sentieren durfte. Wie es dazu kam und was die studierte Meteorologin privat bewegt Normalerweise kennen wir Schauspieler Tim Allen ja so: Glattrasiert und zurechtgemacht zeigt er sich auf den Red Carpets dieser Welt. Aber jetzt? Von 0 auf 1 in den Austria Top 40. Melissa Naschenweng erobert mit der neuen CD ""LederHosenRock ""die Chart-Spitze. "	RAT
 Gewicht 	Stefanie Giesinger: So selbstbewusst geht sie mit ihrer Cellulite um	"Models haben den perfekten K�rper? Stefanie Giesinger beweist mit einem Instagram-Post das Gegenteil und steht offen zu ihrer Cellulite. Wer denkt, dass Models keine Probleme mit Haut, Haar oder K�rper haben, der irrt sich. Das hat Stefanie Giesinger nun bewiesen. Denn anders als viele vermuten, hat auch die 23-J�hrige Probleme mit Cellulite. Das erkl�rte sie nun in ihrer Instagram-Story. Stefanie Giesinger war in Bezug auf ihren K�rper nicht immer so selbstbewusst, wie sie es heute ist. So erinnerte sie nun in ihrer Instagram-Story an einen Vorfall, den sie im Alter von 17 Jahren erlebte und der ihr bis heute in Erinnerung geblieben ist. Am Strand habe ihr damals ein Mann hinterhergerufen: ""Die Cellulite hat man aber nicht im Fernsehen gesehen."" What? Wie fies! Kein Wunder, dass diese Aussage Steffi ziemlich verunsicherte. Stefanie Giesinger erinnert sich: Ich habe mir eingeredet, keine Shorts mehr tragen zu k�nnen und dann versucht, Gewicht zu verlieren und mehr Sport zu machen. Einige Jahre hat es nun gedauert bis Steffi verstand, dass sich niemand darum k�mmern sollte, wie man auszusehen hat. Die 23-J�hrige hat heute verstanden, dass Cellulite etwas v�llig normales und kein Sch�nheits-Makel ist. Niemand sollte sich von anderen Menschen bez�glich seines Aussehens verunsichern lassen. Kein Mensch darf sich erlauben, �ber den K�rper seiner Mitmenschen herzuziehen. Wir alle sind perfekt, wie wir sind! <3 Dieser Meinung ist auch Stefanie Giesinger: Ich musste mich heute daran erinnern, die verdammten Shorts zu tragen, weil sich niemand darum k�mmern sollte, au�er mir. Und ich sollte mich auch nicht darum k�mmern. Es ist einfach ein Teil meines K�rpers. Tragt die verdammten Shorts!"	FAC
 Gewicht 	Body Positivity: �Ich wiege� - aus diesem tollen Grund teilen Frauen ihr wahres Gewicht auf Instagram!	" von BUNTE.de Redaktion 25. August 2018 um 16:10 Uhr Unter dem Instagram-Account �i_weigh� teilen Frauen flei�ig ihr Gewicht. Und dabei geht es definitiv nicht um die Kilos, die sie auf die Waage bringen, sondern um eine wichtige Botschaft! Ich wiege �. wer die Seite �i_weigh� bei Instagram findet, mag auf den ersten Blick meinen, Frauen w�rden hier tats�chlich ihr aktuelles Gewicht posten. Vielleicht als Di�t-Tagebuch oder so. Aber nein, diese Seite k�mmert sich endlich mal um die Dinge, die wirklich z�hlen: Frauen posten hier Bilder von sich selbst, auf denen sie all die Sachen aufz�hlen, die so viel mehr ins Gewicht fallen, als die Kilos auf der Waage. Hinter der Aktion steckt die britische Fernsehmoderatorin Jameela Jamil (32). Sie postet ein Bild von sich auf dem steht: �Ich wiege: eine liebevolle Beziehung, gro�artige Freunde, ich lache t�glich, ich liebe meine Arbeit [...]�. Der Post endet mit einem leidenschaftlichen �Fucking KG"". �I_weigh� zeigt auf wunderbare Weise, dass wir Frauen mehr sind als Kilos und Br�ste, schmale Taillen und perfekte Beine. Wir sind M�tter, T�chter, Schwestern, Freundinnen, Ehefrauen, Umweltsch�tzerinnen, tolle K�chinnen oder fitte Sportlerinnen, gro�artig im Job, engagiert in der Freizeit. Wir k�mpfen f�r unsere Rechte und lernen allm�hlich uns endlich so zu lieben, wie wir sind � auch ohne Idealgewicht. Ein Hoch auf die Body-Positivity-Bewegung, zu der diese Seite so gut passt! Also: weg mit Waagen und Di�t-Shakes und rein ins Leben! Kaum etwas inspiriert dazu so sehr, wie diese Instagram-Seite. �brigens betrifft die neue Body Positivity keineswegs nur Frauen. Auch M�nner k�mpfen gegen falsche Ideale. Und so findet sich auch ein Foto eines Mannes unter den Bildern. Ich wiege � �meine schwarze Haut, ein Homosexueller in Brasilien zu sein, meinen dicken Bauch, meine Geduld [�]�, postet der Mann mutig. Body Positivity ist mehr als nur ein Trend. Bei dieser Bewegung geht es darum, endlich bestehenden und v�llig unsinnigen Sch�nheitsidealen den Kampf anzusagen. Zu zeigen, dass man sich selbst sch�n finden und zu sich stehen kann, egal wie dick, d�nn, gro� oder klein der K�rper ist. Mehr davon: Diese Plus-Size-Bloggerin zeigt auf ihrem Instagram-Account mutig ihre Kurven. Die Bewegung setzt Modekonzerne und Medien ordentlich unter Druck, die viele Jahre ein Idealgewicht abseits jeder Realit�t als Ma�stab f�r Sch�nheit ausgegeben haben. Pl�tzlich zeigen gro�e Modeketten Models ganz unterschiedlicher K�rperformen, Mamis pr�sentieren stolz ihren After-Baby-Bauch und Zeichnerinnen bilden Disney-Prinzessinnen mit realistischen Figuren ab. Ganz nach dem Motto: Ich wiege � so viel wie die Summe aller Dinge, die ich im Leben bereits geleistet und gesehen habe und an denen ich gescheitert bin. Und das k�nnen eben weder Ma�band noch Waage erfassen. Erhalte sofort alle Neuigkeiten zu deinen Stars, indem du ihnen folgst!"	FAC
 Gewicht 	Body Positivity: 5 Schritte zu mehr Selbstliebe	 28. Oktober 2019 von Daniela Staber Kategorien: Gesundheit Body Positivity ist eine gesellschaftliche Bewegung, die Menschen dabei unterst�tzt, ihren K�rper anzunehmen und bedingungslos zu lieben. Wie das gelingen kann, erf�hrst du in diesem Artikel. Body Positivity ist viel mehr als ein Hashtag auf Instagram. Es handelt sich um eine gesellschaftliche Bewegung, die folgende Auffassung vertritt: Jeder Mensch hat es verdient, sich im eigenen K�rper wohlzuf�hlen � unabh�ngig von Gr��e, Gewicht, Form oder Erscheinungsbild. Die Bewegung hat es sich zum Ziel gesetzt, Bewusstsein f�r unterschiedliche K�rperbilder und deren Diskriminierung zu schaffen. Body Positivity strebt au�erdem nach Akzeptanz f�r Menschen mit Beeintr�chtigungen, Erkrankungen oder ungew�hnlichen Hautbildern � unabh�ngig von der Hautfarbe oder sexuellen Orientierung. Body Positivity zeigt, wie unterschiedlich K�rper sind und wie wundersch�n diese Einzigartigkeit ist. Dabei wird deutlich, wie viele Menschen unzufrieden mit dem eigenen K�rper sind oder sich irgendwie anders f�hlen. Den eigenen K�rper anzunehmen und lieben zu lernen ist eine gro�e Aufgabe. In diesem Artikel zeigen wir f�nf Schritte, um dich wohler in deinem K�rper zu f�hlen. Sorge gut f�r deinen K�rper. Dein K�rper ist ein komplexes Wunder und du hast nur diesen einen. Es ist zwar keine leichte Aufgabe, dich umfassend um deinen K�rper zu k�mmern, aber sie ist umso wichtiger. Body Positivity bedeutet auch, f�rsorglich und liebevoll mit deinem K�rper umzugehen. H�r auf deinen K�rper. Dein K�rper wei�, was dir gut tut und was du brauchst. Du musst lediglich seine Signale erkennen und beachten. Betrachte deinen K�rper als Partner, so kannst du mit ihm statt gegen ihn arbeiten. Sch�tze deinen K�rper f�r seine Leistungen. Du atmest etwa 20.000 mal t�glich ein und aus. Dabei reichert die Lunge das Blut mit Sauerstoff an und gibt Kohlendioxid wieder an die Luft ab. Das Herz pumpt 100.000 mal am Tag und versorgt deine Organe mit ausreichend Sauerstoff und N�hrstoffen. Und all das passiert, ohne dass du bewusst mitwirkst. Dein K�rper erbringt t�glich unglaubliche Leistungen. Dennoch beurteilen wir K�rper in unserer Gesellschaft meist anhand oberfl�chlicher Kriterien. Body Positivity steht f�r ein gutes K�rpergef�hl, unabh�ngig von der �u�eren Erscheinung. Die folgenden Tipps k�nnen dir helfen, deinen K�rper f�r seine Leistungen zu sch�tzen und so zu w�rdigen: H�r auf, dich auf dein Gewicht zu reduzieren. Mach dir f�r mehr Body Positivity bewusst, dass du weder die Zahl auf der Waage, noch dein BMI oder deine Kleidergr��e bist. Dein Wert l�sst sich auch nicht �ber deinen Umfang errechnen. Dazu kommt, dass Werte wie der BMI nicht jeden zutreffend bewerten k�nnen. Denn der ber�cksichtigt nur Gr��e und Gewicht, unterscheidet aber nicht zwischen Muskulatur und Fettmasse. Deshalb sind die Ergebnisse oft irref�hrend. Diese Hinweise k�nnen dich dabei unterst�tzen, deinen K�rper nicht mehr �ber eine Zahl zu bemessen: H�r auf, dich zu vergleichen. Gerade durch soziale Medien wie Instagram oder Facebook ist es so leicht wie nie, den eigenen K�rper mit anderen zu vergleichen. Dabei werden gerade auf diesen Plattformen nicht alle K�rpertypen repr�sentiert � meist sieht man Fotos von schlanken, trainierten Menschen. Body Positivity steht f�r die Vielfalt und m�chte Menschen ermutigen, sich sch�n zu f�hlen � auch wenn sie nicht dem gesellschaftlichen Idealbild entsprechen. Body Positivity zeigt, dass jeder K�rper f�r sich einzigartig und damit wundersch�n ist. Auch ohne Rasur, Workout oder die neusten Styles. Mit diesen Tipps lernst du, deine Einzigartigkeit zu sch�tzen: Vor allem im Netz und in der Werbung ist Body Positivity ein gro�es Thema. Es ist begr��enswert, dass immer mehr Menschen zu ihrer Figur stehen und auch gro�e Firmen wie H&M Models mit verschiedenen Konfektionsgr��en besch�ftigen. Oder dass Nike Plus-Size-Schaufensterpuppen verwendet. Dennoch werden immer mehr Stimmen gegen den Trend laut. �Muss ich eigentlich st�ndig betonen, dass ich meinen K�rper LIEBE?�, wehrt sich eine bekannte Influencerin auf Instagram. Zudem ist die Bewegung in sich gespalten. �Wenn eine d�nne, wei�e, Cis-Frau ohne k�rperliche Behinderungen diese Bewegung f�r sich beansprucht � und beispielsweise auf Instagram ein Foto von sich postet, auf dem sie mit kleinen Bauchrollen ein St�ck Pizza isst und darunter #bodypositivity schreibt � dann ist das nicht okay�, sagen beispielsweise die beiden Bloggerinnen Julia und Esin gegen�ber Vice. Auf ihrem Blog �Wir m�ssten mal reden� besch�ftigen sie sich intensiv mit dem Thema. Body Positivity kann vielen Menschen helfen, ihren eigenen K�rper wertsch�tzen zu lernen. Doch streng genommen handelt es sich um eine weitere Bewegung, die Menschen (vor allem Frauen) haupts�chlich in Bezug auf ihr Aussehen thematisiert. Ja, auf eine positive und wertsch�tzende Weise. Doch Kritiker argumentieren, dass es an der Zeit sei, sich als Menschen �ber mehr �ber die �u�erlichkeiten zu definieren � und stattdessen �ber Dinge wie Talente, F�higkeiten oder Ideen. Utopia meint: Nat�rlich ist es f�r ein erf�lltes Leben wichtig, deinen K�rper anzunehmen. Vielen Menschen f�llt das schwer � f�r sie ist Body Positivity ein wichtiges Mittel, sich selbst zu respektieren. Dennoch sollte man im Hinterkopf behalten, seinem Aussehen nicht zu viel Wert beizumessen. Sonst reduzierst man sich wieder auf das �u�ere. Es gibt wichtigere Fragen als die, wie man aussieht. Weiterlesen auf Utopia.de: Bitte lies unseren Hinweis zu Gesundheitsthemen. Gef�llt dir dieser Beitrag? Mich st�rt, dass bei diesem Thema immer drei unterschiedliche Aspekte zusammengeworfen werden. Auch Utopia macht das. Im Titel hei�t es �Selbstliebe�. Im Artikel selbst ist meistens von K�rperliebe die Rede. Aber auch das Aussehen wird immer mal wieder und gerade am Ende eingestreut. Selbstliebe ist f�r mich die Liebe zu mir. Zu mir, meiner Person. Nicht meinem K�rper, nicht meinem Aussehen. Nat�rlich wird mein Charakter massiv von meinem K�rper beeinflusst (Hormone, Sinneseindr�cke, die meine Erinnerungen formen, etc.), aber ich bin nicht mein K�rper. Auch wenn ich sage �Das bin ich�, wenn ich ein Bild von mir sehe. Ich bin ein Mensch, der Geschichten, Musik und Nachdenken liebt. Ich lache viel, ich spiele gern Gesellschaftsspiele, usw., usw. All das w�re ohne meinen K�rper nicht m�glich, aber erstmal sind diese Eigenschaften innere Eigenschaften. Die machen mich aus. Das bin ich. Und diese so definierte Person liebe ich, wenn ich sage, dass ich mich liebe. Meinen K�rper liebe ich auch. Daf�r, dass er mir all diese Dinge erm�glicht. Daf�r, dass er gesund ist und mich schmerzfrei durchs Leben gehen l�sst. Daf�r, dass er sich oft so gut anf�hlt, z.B. beim Sport, wenn ich feststelle, wie stark ich bin. F�r chronisch kranke Menschen und Menschen mit Behinderungen ist es nat�rlich nicht so einfach, ihren K�rper zu lieben. Aber ich will hier ja auch nur zwischen Selbstliebe, K�rperliebe und Aussehenliebe abgrenzen. Zu letzterer kommen wir jetzt: Mein Aussehen liebe ich nicht. Mal finde ich mich sch�n, mal h�sslich, meistens irgendwo dazwischen. Und das ist okay. Warum sollte ich mein Aussehen lieben? Die meiste Zeit sehe ich es ja gar nicht und es tut auch nichts, was mich dazu veranlassen w�rde, es zu lieben. Ich finde, man sollte mit seinem �u�eren so verfahren, dass es einen im Leben nicht beeintr�chtigt. Wenn man sich selbst h�sslich findet und an nichts anderes denken kann, ist das nat�rlich schlecht. Aber jeden Tag vorm Spiegel zu stehen und zu sagen �Ich liebe mein Aussehen!� ist jetzt halt auch nicht unbedingt n�tig. Kann sch�n sein. Kann aber auch sch�dlich sein, wenn man sich irgendwie dar�ber definiert. Denn Aussehen bleibt nicht. Charaktereigenschaften schon.	RAT
 Gewicht 	"Fat-Shaming: ""Man denkt, erst wenn man d�nn ist, f�ngt das Leben an"""	"Zur optimalen Darstellung unserer Webseite ben�tigen Sie Javascript. Bitte aktivieren sie dies in Ihrem Browser. von Nastassja von der Weiden, MDR AKTUELL Stand: 08. Oktober 2020, 06:51 Uhr Menschen mit ""mehr auf den Rippen"" werden nicht nur im Alltag angestarrt oder ausgelacht, sie werden diskriminiert. Zum Beispiel beim Arztbesuch, bei der Jobsuche oder innerhalb der Familie. Der j�hrliche Adipositaskongress, der dieses Jahr in Leipzig stattfindet, widmet sich diesem Aspekt von �bergewicht: der Stigmatisierung. Betroffene, vor allem junge Frauen, tauschen sich mittlerweile bei Instagram �ber ihre Stigma-Erfahrungen aus. �bergewichtige und Adip�se k�mpfen nicht nur gegen ihre Kilos, sondern auch gegen eine Reihe von Vorurteilen. Sie erfahren dabei Mobbing, Ablehnung auf vielen Ebenen und haben sogar weniger Chancen auf dem Arbeitsmarkt � denn sie w�rden zu viel essen und sich zu wenig bewegen, seien ungesund, faul und un�sthetisch. All das wird �bergewichtigen nachgesagt. Stigmatisierung Stigmatisierung ist die Zuschreibung einer meist negativen Eigenschaft. Menschen mit Adipositas wird zum Beispiel zugeschrieben, sie seien faul, willensschwach, undiszipliniert und ""selbst Schuld"" an ihrem �bergewicht. Hartn�ckig h�lt sich das Vorurteil, �bergewichtige seien ""selbst Schuld"" an ihren zus�tzlichen Pfunden. Auch mitunter von �rzten, �rztinnen und Pflegepersonal wird diese Meinung geteilt. Dabei sind fast alle Schuldzuweisungen, die dicke Menschen f�r ihr Gewicht bekommen, l�ngst verhaltenspsychologisch und neurobiologisch widerlegt oder neu bewertet. Denn es kommen viele Faktoren zusammen, die Adipositas beg�nstigen oder ausl�sen k�nnen. Auch Medizinerinnen und Mediziner haben Vorurteile. Ein Beispiel f�r ""Fat-Shaming"" ist daher die Stigmatisierung beim Arzt. Eine Erfahrung, die auch Anna Kumher machen musste. Sie ist Sozialarbeiterin, lebt seit drei Jahren in Leipzig und betreibt den Instagram-Kanal ""wenigstenseinhuebschesgesicht"" mit �ber 8.000 Followern. Die 33-J�hrige erinnert sich noch genau an eine Situation bei ihrer Haus�rztin: ""Ich bin ins Zimmer der �rztin gegangen und noch bevor ich die T�r hinter mir schlie�en konnte, fragte sie mich: 'Sie sind wegen ihrem �bergewicht hier, oder?' Dabei war ich erk�ltet und brauchte eine Krankschreibung."" Man werde diskriminiert, obwohl man Hilfe brauche, sagt sie. Mit dieser Erfahrung ist sie nicht alleine. Das wei� sie nicht erst, seit sie ihre Instagramseite mit Berichten von Betroffenen f�llt. Der Austausch dar�ber, wie sich Menschen f�hlen, wenn sie � wegen ihres Gewichts � verurteilt, gekr�nkt oder ausgelacht werden, ist f�r ihre Follower sehr wichtig. Viele von ihnen bedanken sich daf�r, dass das Thema ""Fat-Shaming"" Aufmerksamkeit bekommt und ihre Erfahrungen ernst genommen werden. Berichte, wie Familienmitglieder, Freundinnen und Freunde mit �bergewichtigen umgehen, liest man haufenweise auf Kumhers Instagramseite. Zum Beispiel von einem Vater, der sein Kind bei jedem Essen so �rgert und kr�nkt, dass es nur noch alleine isst. Aber auch Mobbing und Beleidigungen von Mitsch�lerinnen und -sch�lern, Fremden, den Gro�eltern oder von einem Mann, der mit Kommentaren wie ""Ich frage mich, wie du wohl mit 20 Kilo weniger aussehen w�rdest"" f�r das Gef�hl sorgt, ungewollt zu sein. Diese Geschichten, die als pastellfarbene Kacheln geteilt und hundertfach geliket werden, ber�hren diejenigen, die sie lesen. Egal, ob sie selbst betroffen sind oder nicht: ""Auch Normalgewichtige, schlanke Personen schreiben mir. Zum Beispiel, dass sie dank meiner Seite ihre Privilegien reflektiert haben und merken, mit welchen Aussagen sie andere Menschen verletzt haben"", sagt Kumher. Genau das motiviert sie, die Seite weiterzubetreiben: ""Es sind so viele Leute, die das Thema betrifft, ich werde t�glich mit Nachrichten bombardiert. Man denkt, erst wenn man d�nn ist, f�ngt das Leben an. Das ist aber �berhaupt nicht so, K�rper sind einfach verschieden. Und das muss dringend sichtbar gemacht werden."" Auch auf dem Adipositaskongress in Leipzig, der ab Donnerstag unter dem Motto ""facettenreiche Adipositas braucht vielf�ltige Ans�tze"" drei Tage lang am Zoo stattfindet, wird Stigmatisierung ein Thema sein. Dazu forscht Anja Hilbert von der Universit�t Leipzig. Sie ist Professorin f�r Verhaltensmedizin und seit 2011 stellvertretende Leiterin des Integrierten Forschungs- und Behandlungszentrum (IFB) f�r Adipositas-Erkrankungen in Leipzig und eine der Rednerinnen auf dem Kongress. Alle Menschen mit Adipositas erleben Stigmatisierung. Wenn man sich Studien dazu anschaut, passiert ihnen das drei bis vier Mal am Tag. Soziale Ausgrenzung und Mobbing von �bergewichtigen seien Ph�nomene, die schon im fr�hen Kindesalter beginnen, sagt Hilbert: ""Kinder im Vorschulalter wissen schon, dass Dick sein etwas Verwerfliches ist. Wenn ihnen Bilder gezeigt werden, von normalgewichtigen, �bergewichtigen und Kindern mit Behinderungen, dann sind �bergewichtige Kinder diejenigen, die am wenigsten gerne zum Spielen ausgew�hlt werden."" Und das setze sich in allen Kontexten des Lebens fort: in der Schule, Ausbildung, Beruf, in zwischenmenschlichen Beziehungen, bei der Partnerwahl, Wohnungssuche, im Gesundheitswesen, im Verkehr und � ganz wichtig � in den Medien. Herablassende Kommentare, Blicke und die st�ndige Ablehnung wirken sich auch auf das Selbstbewusstsein aus. Menschen mit starkem �bergewicht sehen sich zum Beispiel selbst als h�sslich(er) und ungewollt an, sie sch�men sich. Ihre Psyche leidet, sie werden traurig, kapseln sich ab und tr�sten sich teilweise mit Essen. Ein Teufelskreis. Adipositas Adipositas, also starkes �bergewicht, ist ein gesellschaftliches Dauerthema. �ber die Stigmatisierung derer, die durch ihr (starkes) �bergewicht aus der (vermeintlich) k�rperlichen Norm fallen, wird dagegen wenig gesprochen. Als �bergewichtig gilt, wer einen Body-Mass-Index (BMI) �ber 25 (kg/m�) hat. Wer stark �bergewichtig ist, wird als adip�s bezeichnet. Hier liegt der BMI �ber 30. Adipositas wird oft als Krankheit angesehen. Richtig ist, dass Adipositas in Verbindung mit Folgeerkrankungen wie Diabetes (mellitus Typ 2), Herzleiden oder Bluthochdruck steht. Aber nicht jeder Mensch mit �bergewicht oder Adipositas ist psychisch oder physisch krank. 16 Prozent der Deutschen leiden unter Adipositas. Ist der �ffentliche Nahverkehr darauf vorbereitet? Nein, sagen Betroffene, f�r die die Fahrt mit Bus und Bahn zum Spie�rutenlauf werden kann. Do 11.10.2018 10:12Uhr 04:38 min Menschen mit �bergewicht sch�tzen sich viel d�nner ein, als sie wirklich sind. Das ist das Ergebnis einer Studie von Forschern und Forscherinnen aus Schweden. Leipziger Forscher haben das Ern�hrungsverhalten von �ber 1.200 Kindern an Leipziger Schulen untersucht. Aus der Studie sollen R�ckschl�sse auf die Entwicklung von �bergewicht gezogen werden. Es gibt erste Ergebnisse. Dieses Thema im Programm: Das Erste | BRISANT | 04. Februar 2020 | 17:15 Uhr In der t�glichen Nachrichtenflut wird es immer schwieriger, sich zurechtzufinden. Die App von MDR AKTUELL hilft, den �berblick zu behalten: zuverl�ssige Informationen, schnell und kurz auf den Punkt gebracht. MDR AKTUELL - Aktuelle Nachrichten, Videos, Audios und Liveticker aus Sachsen, Sachsen-Anhalt, Th�ringen, Deutschland und der Welt. Aus Politik, Wirtschaft und Gesellschaft. Im Fernsehen, Radio, im Web und als App."	RAT
 Gewicht 	Oh du Sexistische: Weihnachtsspot f�r Heimtrainer wird zum Gesp�tt auf Twitter	 Ein Ger�t zur Gewichtsabnahme ist nicht das sensibelste Weihnachtsgeschenk, das ein Ehemann machen kann. Erneut zeigt sich der starke Einfluss von Social Media Shitstorms. Weihnachtswerbung geh�rt genauso zur festlichen Jahreszeit wie Lebkuchen, Lichterketten und Co. Einige Unternehmen haben in diesem Segment genau das richtige Gesp�r und schaffen es, uns mir ihren Spots emotional zu ber�hren. Andere sollten jedoch lieber die Finger davon lassen. Bestes Beispiel daf�r ist der US-amerikanische Fitnessger�tehersteller Peloton. Sein Weihnachtsspot l�ste einen Shitstorm auf Twitter aus � und bot herrliches Meme-Material. Im Mittelpunkt dieses Werbefauxpas steht ein 30-sek�ndiger Clip von Peloton. Ein Ehemann schenkt seiner Frau zu Weihnachten einen Heimtrainer in Form eines Fahrrads. Seiner �u�erst schlanken, attraktiven Frau. Diese startet sogleich mit dem t�glichen Training und h�lt ihre Fortschritte in Selfie-Videos fest. Ihr Blick dabei wirkt so, als w�rde hinter der Kamera jemand mit gez�ckter Pistole stehen. Ein Jahr sp�ter, an Weihnachten, schaut sie sich gemeinsam mit ihrem Mann einen Zusammenschnitt der Videos an und feiert, wie sehr das Training sie ver�ndert hat. Bevor wir weiter ins Detail gehen, hier der Clip f�r alle Neugierigen: Diese Frage sollten die Beschreibung und der Werbespot selbst bereits beantworten: So ziemlich alles. Der Clip reiht sich ein in eine Liste von Werbungen (vor allem an Frauen gerichtete), die nichts mit dem realen Leben zu tun haben. Rasierer, die bereits glatte Beine rasieren, menstruierende Frauen, die freudig auf ihrem Bett herumspringen, und nun ein Heimtrainer, der die Erfolge einer bereits schlanken Kundin anpreist. Genau hier liegt der erste Kritikpunkt: Pelotons Werbung wirkt einfach unecht. An dieser Stelle sei kurz angemerkt, dass nat�rlich auch schlanke Personen Training betreiben, um sich fit zu halten. Jedoch stellt der Spot es so dar, dass die Ehefrau eine riesige Ver�nderung � la Biggest Loser durchgemacht h�tte. Dem ist aber nicht so. Es stellt sich also die Frage, wieso Peloton nicht die Chance nutzte, um die Verwandlung einer echten Kundin zu zeigen, die sich nicht wohl in ihrer eigenen Haut f�hlte und deshalb mit dem Training begann. Damit h�tten definitiv positive Emotionen hervorgerufen und gleichzeitig die Motivation potentieller Neukunden geweckt werden k�nnen. Eine Twitter-Userin verteidigt den Spot jedoch mit einem validen Argument: Am I the only one that doesn�t see anything wrong with the @onepeloton commercial? Just because you�re skinny doesn�t mean you�re healthy. Exercise is great for mental health also. I don�t think weight was every mentioned in the commercial. #pelotoncommercial#peloton � Dani ? (@DaniVanHawaiian) December 4, 2019 Damit hat sie nicht ganz unrecht. Und h�tte der Spot thematisiert, dass die Frau mit Hilfe des Sports einen Weg aus ihren psychischen Leiden findet, h�tte er die richtige Wirkung erzielen k�nnen. Doch da diese Problematik nicht thematisiert wird, liegt der Abnehm-Gedanke n�her. So oder so h�tte Peloton seine Message eindeutiger machen sollen � gerade bei einem sensiblen Thema wie dem eigenen K�rper. So sweet. My husband was inspired by the Peloton ad to get me a pair of pants in a child�s medium and a handwritten note that says �Don�t fucking touch me till you can fit into these� � Jess Dweck (@TheDweck) December 2, 2019 Bei diesem Punkt gehen die Meinungen auseinander, doch ein Gro�teil der Online Community und auch viele News-Portale sehen sexistische Z�ge in der Werbung. Es geht darum, dass der Ehemann seiner Frau ein Fitnessger�t schenkt � was ein Hinweis daraus sein kann, dass er sie zu dick findet und will, dass sie f�r ihn abnimmt. Nicht, weil sie sich selbst in ihrem K�rper unwohl f�hlt. Dass sie zum Training gezwungen ist, wird durch ihren Gesichtsausdruck unterstrichen, wie dieser Vergleich mit einem Charakter aus dem Horrorfilm �Get Out� zeigt: I *knew* I�d seen that #peloton face before! pic.twitter.com/LCtn81FyOR � Honorable Rod Shaw (@aswadrodz) December 3, 2019 Gleichzeitig ist es auch verst�ndlich, dass andere Menschen sich online �ber die Kritik aufregen. Es gibt tats�chlich viele Frauen, die sich einen Heimtrainer zu Weihnachten w�nschen � einfach weil die Teile verdammt teuer sind und nicht jeder sich die Anschaffung unter dem Jahr leisten kann. Daran ist auch �berhaupt nichts verkehrt. Jedoch ist ein Heimtrainer, ebenso wie Deos, Putzutensilien und K�chenger�te, ein eher umstrittenes Geschenk, das falsch verstanden werden kann. Die einen freuen sich, die anderen sind beleidigt. No response to that #Peloton ad will top this email I received from my husband. pic.twitter.com/gLWMUcwcdo � Kristen Baldwin (@KristenGBaldwin) December 2, 2019 Hinzu kommt, dass der Werbespot einfach ein Klischee aufgreift: Frauen sind sehr bedacht auf ihr Gewicht und m�ssen trainieren, um sozialen Normen und ihrem Ehemann zu entsprechen. Wieso h�tte Peloton zum Beispiel nicht einen Mann zum Trainierenden machen k�nnen? Vermutlich weil die Vorstellung �unwahrscheinlich� ist, dass er einen Heimtrainer benutzt. Wieso unwahrscheinlich? Weil in unserer Gesellschaft � vor allen in den Medien � Frauen als st�ndig bedacht auf ihr Gewicht und �u�eres dargestellt werden, besonders im Vergleich zu M�nnern. Dass das Quatsch ist, sollte jedem klar sein � sp�testens nachdem man f�nf Minuten lang die Muskelprotze im McFit beim Posen f�r Instagram beobachtet hat. Der Spot hat viele User dazu veranlasst, eine eigene, ehrliche Version davon zu drehen. Hier eines der Highlights: when my husband gets me a Peleton for Christmas ��.. pic.twitter.com/Z2d3ewMhPu � Eva Victor (@evaandheriud) December 2, 2019 Was Peloton ebenfalls nicht bedacht hat, war, dass ihr Werbespot viral gehen w�rde. Teilweise kann so ein Shitstorm daf�r sorgen, dass es zwar Kritik hagelt, die Verkaufszahlen aber trotzdem in die H�he schie�en. Doch diesmal ging die Rechnung nicht auf. Nicht nur auf Social Media sondern auch auf vielen News-Plattformen wurde �ber die fragw�rdige Werbung berichtet � was zur Folge hatte, dass der Aktienwert von Peloton um 10 Prozent fiel. Stattdessen konnte nun aber eine andere Marke von dem medialen Skandal profitieren: Ryan Reynolds Aviation Gin. Das Unternehmen hat sich die Schauspielerin aus dem Peloton-Spot geschnappt und eine ehrliche Fortsetzung des Ganzen gedreht: Exercise bike not included. #AviationGinpic.twitter.com/jYHW74h81l � Ryan Reynolds (@VancityReynolds) December 7, 2019 Dieser Fall zeigt erneut, wie stark die Online Community ist und was ein Shitstorm f�r Unternehmen bedeuten kann. Ob Peloton vielleicht sogar darauf spekuliert hat, wissen wir nicht. Fakt ist jedoch, dass man gerade in der umsatzstarken Vorweihnachtszeit aufpassen sollte, wie man wirbt. Das echte Leben und echte Emotionen punkten bei den Kunden meist besser, als ein �bertriebenes Idealbild. Und in diesem Sinne soll dieser Artikel mit der ehrlichsten Frage enden, die man in Bezug auf einen Heimtrainer haben kann: When is Peloton going to make an honest commercial and demonstrate how much laundry it can hold? � Todd0x1 (@todd0x1) December 2, 2019	OFF
 Gewicht 	Pummel gegen Hass!	Runde B�uche, dicke Oberschenkel, f�llige Dekollet�s: Hunderte Menschen zeigen gerade unter #PummelgegenHass selbstbestimmt ihre K�rper, die sonst st�ndig von Anderen bewertet, kommentiert und beleidigt werden. Der Hashtagtrend hat einen ernsten Hintergrund: Am Tag zuvor ist �ber die Nutzerin Zaxi eine Hasswelle hereingebrochen, nachdem sie darauf aufmerksam gemacht hatte, dass die S�ngerin Adele nach ihrer Gewichtsabnahme �ffentlich st�ndig auf ihren K�rper reduziert wird. �Du bist ja auch fett und nur neidig�, kommentierte ein Nutzer, andere nannten sie eine Hure. Pl�tzlich fluteten etliche Hassnachrichten Zaxis privates Postfach: �Dich w�rde ich nur tot ficken�, schrieben die Fremden und forderten sie auf, sich umzubringen. Zaxi fotografierte die Drohungen, schaltete ihren Account kurzfristig ab und rief die Polizei. �Ich habe dann versucht, das Ganze rational zu sehen�, erz�hlt Zaxi �nd�, �aber nat�rlich war ich traurig und verletzt�. Sie hat ihr ganzes Leben Mobbing aufgrund ihres Gewichts erlebt. Online wie offline beginnt es dabei h�ufig mit der �Gesundheitskeule�, beobachtet Zaxi: D�nne Menschen erkl�ren ihr st�ndig, dass ihr Gewicht sie krank macht und wie sie abnehmen muss. Dass Zaxi sich sehr wohl um ihren K�rper k�mmert und schon ihr ganzes Leben mit Di�ten k�mpft, interessiert die Leute wenig. Im Alltag bleibt es meistens bei den �gut gemeinten� Tipps, aber in der Anonymit�t des Internets h�ufen sich die Beleidigungen. Die Drohungen sind aggressiver. Was Zaxi erlebt, hat einen Namen: �Fat-Shaming� - Die Stigmatisierung und Dem�tigung von Menschen mit �bergewicht. Das beginnt schon beim Hinweis auf den �ungesunden� K�rper. Denn: Dicke Menschen wissen, dass sie dick sind. Sie brauchen niemanden, der sie daran erinnert. Ob sie etwas an ihrem K�rper �ndern wollen, oder sich sch�n finden, wie sie sind, ist allein ihre Sache. Genau darum geht es bei dem Hashtag #PummelgegenHass, den Zaxis Freundin Minx nach der Hassattacke ins Leben gerufen hat. �Ich wollte das nicht auf uns sitzen lassen�, sagte die �nd�. In Solidarit�t mit ihrer Freundin postete Minx ein Foto ihres K�rpers und schrieb: �Ich. Bin. Dick. Und wenn DU Komplexe deswegen hast, sind das deine und du darfst sie behalten. Ich will sie nicht. Das bin ich. Und ich bin gut.� Tausende Nutzer*innen machten es Minx nach, deutschlandweit lagen der Hashtag im Trend. �Das hat mich richtig stolz gemacht�, erz�hlt Zaxi ger�hrt. Gerade f�r Frauen sei es eine echte �berwindung, sich so �ffentlich zu zeigen: Denn ihre K�rper unterliegen genauesten Sch�nheitsvorstellungen: Schlank und fest sollen sie sein, Fett ist nur an bestimmten Stellen erlaubt, dort aber bitte ordentlich. Barbie, Heidi Klum und die Jeansgr��en bei H&M machen es vor. �Gesellschaftlich und medial wird st�ndig dar�ber diskutiert, wie Frauen auszusehen haben�, sagt Minx. Aber auch M�nner leiden unter der Stigmatisierung ihres K�rpers, betont sie. Generell seien alle Formen von �Body-Shaming� schlimm, erg�nzt Zaxi. �Ob �Knochenger�st oder Fettsack, kein Mensch hat solche Beleidigungen verdient�. Auch unter dem neuen Hashtag sammeln sich jetzt wieder die Beschimpfungen. Die beiden Frauen lassen sich davon aber nicht unterkriegen: Die hohe positive Resonanz mache das wett, grinst Zaxi: �Heute mache ich Twitter auf und sehe diese ganzen unterschiedlichen K�rper: Dick, d�nn, gro�, klein, hell und dunkel, mit Narben und Dehnungsstreifen.� Durch Twitter habe sie eines gelernt: �Egal was die Hater sagen, unsere K�rper sind gerade in ihrer Unterschiedlichkeit normal und gesund. Und ich bin gut, so wie ich bin.� Besondere Zeiten erfordern besondere Ma�nahmen: Auf Grund der Coronakrise und dem damit weitgehend lahmgelegten �ffentlichen Leben haben wir uns entschieden, zeitlich begrenzt die gesamten Inhalte unserer Internetpr�senz f�r alle Menschen kostenlos zug�nglich zu machen. Dennoch ben�tigen wir finanzielle Mittel, um weiter f�r sie berichten zu k�nnen. Helfen Sie mit, unseren Journalismus auch in Zukunft m�glich zu machen! Jetzt mit wenigen Klicks unterst�tzen! Betrag 2,50 EUR 5 EUR 10 EUR 25 EUR 50 EUR Betrag 2,50 EUR 5 EUR 10 EUR 25 EUR 50 EUR Betrag 2,50 EUR 5 EUR 10 EUR 25 EUR 50 EUR 	RAT
